year,cases
1920,401318
1921,303850
1922,190159
1923,174799
1924,186354
1925,284845
1926,324125
1927,327289
1928,272529
1929,267322
1930,360575
1931,182829
1932,211274
1933,328212
1934,327373
1935,331151
1936,263579
1937,149184
1938,144042
1939,186393
1940,235820
1941,195863
1942,124504
1943,210358
1944,407525
1945,405833
1946,302694
1947,163375
1948,161893
1949,632858
1950,426006
1951,554756
1952,167085
1953,94135
1954,99232
1955,91823
1956,96089
1957,156652
1958,280475
1959,96270
1960,67146
1961,90555
1962,98757
1963,133504
1964,76198
1965,112280
1966,92804
1967,131697
1968,80024
1969,54202
1970,33706
1971,52806
1972,65153
1973,135859
1974,218367
1975,19278
1976,954
1977,3234
1978,2
1979,0
1980,0
